Director,First Average Rating,Last Average Rating,Career Progression Rating
Hannes Holm,5.062,7.588000000000001,2.5260000000000007
Roel Reiné,3.8759999999999994,6.082000000000001,2.2060000000000013
Avi Nesher,4.718,6.896,2.178
Roger Spottiswoode,5.156000000000001,7.186,2.0299999999999994
Christian Duguay,5.0360000000000005,6.978,1.9419999999999993
Asif Kapadia,5.756,7.544,1.7879999999999994
Joe Berlinger,5.122000000000001,6.843999999999999,1.7219999999999986
Todd Phillips,6.7,8.4,1.7000000000000002
Bharat Nalluri,4.954000000000001,6.632000000000001,1.678
Uwe Boll,3.02,4.626,1.6060000000000003
Luca Guadagnino,5.106,6.668000000000001,1.5620000000000012
Matt Reeves,5.84,7.4,1.5600000000000005
Noah Baumbach,6.386,7.9,1.5140000000000002
Rob Letterman,5.0120000000000005,6.484,1.4719999999999995
Gareth Edwards,6.332000000000001,7.8,1.467999999999999
Marc Evans,5.558000000000001,7.018000000000001,1.46
Sean McNamara,4.026,5.452000000000001,1.426000000000001
Jon Watts,5.9879999999999995,7.4,1.4120000000000008
Jesse V. Johnson,4.574,5.96,1.3860000000000001
Park Chan-wook,6.708000000000001,8.072,1.363999999999998
Brad Peyton,4.738,6.1,1.3619999999999992
John Murlowski,3.6919999999999997,5.0280000000000005,1.3360000000000007
Mike Flanagan,6.013999999999999,7.3,1.2860000000000005
Lisa Azuelos,5.21,6.48,1.2700000000000005
Jean-Paul Salomé,4.774,6.0360000000000005,1.2620000000000005
Denis Villeneuve,6.754,8.0,1.2460000000000004
John R. Leonetti,3.978,5.224,1.246
James Mangold,6.874,8.1,1.226
Tom Harper,5.496,6.72,1.2239999999999993
Sidney Lumet,6.044,7.263999999999999,1.2199999999999998
Joe D'Amato,3.8480000000000003,5.062,1.214
Paco Plaza,5.172000000000001,6.3839999999999995,1.2119999999999989
Gilles Paquet-Brenner,5.076,6.27,1.194
Ronny Yu,5.82,7.001999999999999,1.1819999999999986
Mike Binder,5.8919999999999995,7.064,1.1720000000000006
Kornél Mundruczó,5.614,6.784,1.17
Christopher Landon,5.136,6.3,1.1639999999999997
David E. Talbert,5.018,6.1739999999999995,1.1559999999999997
Mark Herman,6.5,7.654,1.154
Nadine Labaki,7.25,8.4,1.1500000000000004
Clint Eastwood,6.188000000000001,7.337999999999999,1.1499999999999986
Johannes Roberts,3.928,5.066,1.138
Reginald Hudlin,5.994,7.121999999999999,1.1279999999999992
Paolo Genovese,6.1979999999999995,7.322,1.1240000000000006
Craig Gillespie,6.376,7.5,1.1239999999999997
Martin Campbell,5.89,7.0,1.1100000000000003
George Lucas,6.5,7.6,1.0999999999999996
Antoine Fuqua,5.956,7.04,1.0839999999999996
Céline Sciamma,7.0360000000000005,8.1,1.0639999999999992
Ken Kwapis,5.388,6.446000000000001,1.0580000000000007
Yôjirô Takita,6.38,7.436,1.056
George Miller,5.746999999999999,6.8,1.0530000000000008
James Gunn,6.5520000000000005,7.6,1.0479999999999992
Bong Joon Ho,7.452000000000001,8.5,1.0479999999999992
Guy Ferland,5.36,6.404,1.0439999999999996
Roland Emmerich,5.66,6.7,1.04
Thor Freudenthal,5.654,6.69,1.0360000000000005
Mimi Leder,6.0360000000000005,7.055999999999999,1.0199999999999987
Sean Anders,6.284,7.3,1.016
Damian Lee,4.0040000000000004,5.018,1.0139999999999993
Yorgos Lanthimos,6.5,7.5,1.0
Christophe Honoré,5.398,6.367999999999999,0.9699999999999998
Luke Greenfield,5.294,6.2620000000000005,0.9680000000000009
George Hickenlooper,5.306,6.268,0.9619999999999997
David Mackenzie,6.201999999999999,7.152,0.9500000000000011
Uli Edel,4.974,5.914,0.9399999999999995
Luis Mandoki,5.954,6.89,0.9359999999999999
Sean Baker,6.636,7.57,0.9340000000000002
Christopher McQuarrie,6.768,7.7,0.9320000000000004
Wilson Yip,5.942,6.87,0.9279999999999999
Joe Chappelle,4.882000000000001,5.808000000000001,0.9260000000000002
Michael Herbig,5.812,6.734,0.9219999999999997
Isaac Florentine,4.618,5.54,0.9219999999999997
Timothy Woodward Jr.,3.302,4.2219999999999995,0.9199999999999995
Frank Marshall,6.716,7.62,0.9039999999999999
Rian Johnson,7.004,7.9,0.8960000000000008
Ti West,5.12,6.016,0.8959999999999999
Scott Derrickson,6.604,7.5,0.8959999999999999
Guillermo del Toro,6.406000000000001,7.3,0.8939999999999992
Thomas Carter,6.084,6.9639999999999995,0.8799999999999999
Frank Oz,6.664,7.54,0.8760000000000003
Mira Nair,6.266,7.136,0.8700000000000001
Peyton Reed,6.132,7.0,0.8680000000000003
Jag Mundhra,4.1160000000000005,4.98,0.8639999999999999
Leigh Whannell,6.24,7.1,0.8599999999999994
Deon Taylor,4.752,5.6080000000000005,0.8560000000000008
Shawn Levy,5.52,6.376,0.8560000000000008
Scott Stewart,5.331999999999999,6.18,0.8480000000000008
Tommy O'Haver,6.006,6.848,0.8419999999999996
Antonio Campos,6.226,7.06,0.8339999999999996
Rob Minkoff,5.91,6.74,0.8300000000000001
Greg Berlanti,6.676,7.5,0.8239999999999998
Aku Louhimies,6.316,7.128000000000001,0.8120000000000012
Catherine Corsini,6.013999999999999,6.82,0.8060000000000009
Lee Joon-ik,6.6160000000000005,7.422,0.8059999999999992
David F. Sandberg,6.327999999999999,7.13,0.8020000000000005
Todd Haynes,6.8,7.6,0.7999999999999998
Arne Lindtner Næss,5.126,5.9239999999999995,0.7979999999999992
Joe Swanberg,5.062,5.848,0.7859999999999996
Justin Lin,6.224,7.0,0.7759999999999998
Jaume Collet-Serra,5.524,6.3,0.7759999999999998
Adam Rifkin,4.888,5.652,0.7640000000000002
Quentin Dupieux,5.838000000000001,6.6,0.7619999999999987
Tim Story,5.46,6.22,0.7599999999999998
Sébastien Lifshitz,6.628000000000001,7.386,0.7579999999999991
John Madden,6.486000000000001,7.24,0.7539999999999996
Danny Cannon,5.53,6.284,0.7539999999999996
Michael Davis,5.667999999999999,6.42,0.7520000000000007
Patrick Hughes,6.148,6.9,0.7520000000000007
Nuri Bilge Ceylan,7.263999999999999,8.014,0.75
Jean-Pierre Jeunet,6.284,7.028,0.7439999999999998
Jonathan Levine,5.976,6.716,0.7400000000000002
Rachel Talalay,4.66,5.4,0.7400000000000002
Ted Demme,6.684,7.416,0.7320000000000002
Sarik Andreasyan,4.668,5.398,0.7299999999999995
Sean Ellis,6.624,7.343999999999999,0.7199999999999998
Joseph Kosinski,6.8,7.516,0.7160000000000002
Julien Temple,6.61,7.32,0.71
Rasmus A. Sivertsen,5.84,6.546,0.7060000000000004
Wych Kaosayananda,3.574,4.2780000000000005,0.7040000000000006
Tony Goldwyn,6.228,6.928000000000001,0.7000000000000011
Jon M. Chu,6.2,6.9,0.7000000000000002
Tommy Wirkola,6.101999999999999,6.8,0.6980000000000004
Harold Cronk,4.545999999999999,5.23,0.684000000000001
Pedro Almodóvar,6.77,7.452000000000001,0.6820000000000013
Ericson Core,6.388,7.0680000000000005,0.6800000000000006
Mike Mitchell,5.656000000000001,6.332000000000001,0.6760000000000002
Kenneth Lonergan,7.1,7.774,0.6740000000000004
Pawel Pawlikowski,6.83,7.497999999999999,0.6679999999999993
Susanne Bier,5.8260000000000005,6.491999999999999,0.6659999999999986
Kathryn Bigelow,6.67,7.334,0.6639999999999997
Harald Zwart,6.04,6.7,0.6600000000000001
Jan Komasa,6.741999999999999,7.4,0.6580000000000013
Trey Parker,6.676,7.33,0.6539999999999999
Taika Waititi,7.246,7.9,0.6539999999999999
Charles Martin Smith,5.8919999999999995,6.544,0.6520000000000001
Paul King,7.117999999999999,7.77,0.6520000000000001
Bart Freundlich,5.577999999999999,6.228,0.6500000000000004
Francis Veber,5.71,6.36,0.6500000000000004
David Frankel,6.15,6.8,0.6499999999999995
Wes Anderson,7.152,7.8,0.6479999999999997
Peter Weir,6.684,7.331999999999999,0.6479999999999988
Shane Meadows,6.784,7.428,0.6440000000000001
Catherine Breillat,5.48,6.12,0.6399999999999997
Randall Miller,5.92,6.556,0.6360000000000001
Chris Weitz,6.074,6.707999999999999,0.6339999999999995
Mel Gibson,7.468000000000001,8.1,0.6319999999999988
George C. Wolfe,6.39,7.02,0.6299999999999999
Fred Olen Ray,3.3680000000000003,3.9960000000000004,0.6280000000000001
S.S. Rajamouli,7.497999999999999,8.12,0.6219999999999999
Roger Donaldson,5.862,6.48,0.6180000000000003
John Frankenheimer,5.688,6.303999999999999,0.6159999999999997
Guillaume Nicloux,5.497999999999999,6.111999999999999,0.6139999999999999
Tony Scott,6.148,6.76,0.6120000000000001
Emilio Estevez,6.47,7.07,0.6000000000000005
Mike Barker,5.9719999999999995,6.57,0.5980000000000008
John Whitesell,5.2620000000000005,5.86,0.5979999999999999
John Erick Dowdle,6.086,6.68,0.5939999999999994
Mika Kaurismäki,5.778,6.3660000000000005,0.588000000000001
Dante Lam,5.75,6.337999999999999,0.5879999999999992
Errol Morris,6.624,7.202000000000001,0.5780000000000012
Simon Curtis,6.9639999999999995,7.54,0.5760000000000005
Emmanuelle Bercot,6.17,6.744,0.5739999999999998
Norman Jewison,6.362,6.928,0.5659999999999998
Patricia Riggen,6.478,7.04,0.5620000000000003
Ken Loach,7.082000000000001,7.64,0.5579999999999989
Steven R. Monroe,4.58,5.1339999999999995,0.5539999999999994
Russell Mulcahy,5.12,5.672,0.5519999999999996
Katja von Garnier,5.827999999999999,6.372000000000001,0.5440000000000014
Bill Condon,6.207999999999999,6.74,0.5320000000000009
Rene Perez,2.678,3.21,0.532
Paul Feig,6.006,6.5360000000000005,0.5300000000000002
John Krasinski,6.678,7.2,0.5220000000000002
John Lee Hancock,6.474,6.996,0.5220000000000002
Danny Leiner,5.692,6.212000000000001,0.5200000000000005
Davis Guggenheim,6.62,7.14,0.5199999999999996
Luis Llosa,4.86,5.376,0.516
Nancy Meyers,6.595999999999999,7.1,0.5040000000000004
Marc Rothemund,6.092,6.59,0.4980000000000002
David Dobkin,6.316,6.806,0.4900000000000002
Gavin Hood,6.81,7.3,0.4900000000000002
Adam Robitel,5.91,6.4,0.4900000000000002
Peter Jackson,7.428,7.911999999999999,0.4839999999999991
Robert Schwentke,6.244,6.724,0.4800000000000004
Michael Radford,6.096,6.574,0.47799999999999976
Carlo Vanzina,4.428,4.896,0.46799999999999997
Angelina Jolie,5.896,6.364,0.46799999999999997
Eli Roth,5.726,6.191999999999999,0.4659999999999993
Jonathan Liebesman,5.336,5.8,0.4639999999999995
Jon Turteltaub,5.242000000000001,5.7,0.4579999999999993
Xavier Giannoli,6.0920000000000005,6.544,0.45199999999999907
Fabrice du Welz,5.874,6.322,0.4480000000000004
Xiaoshuai Wang,6.8020000000000005,7.25,0.4479999999999995
Bruno Barreto,6.31,6.752000000000001,0.44200000000000106
Carlos Reygadas,6.276,6.7139999999999995,0.4379999999999997
Ariel Vromen,6.07,6.507999999999999,0.43799999999999883
Greg McLean,6.2,6.636,0.43599999999999994
John Lyde,4.882000000000001,5.314,0.4319999999999995
Takahisa Zeze,5.797999999999999,6.226,0.4280000000000008
Timur Bekmambetov,5.72,6.14,0.41999999999999993
Mohammad Rasoulof,6.96,7.38,0.41999999999999993
Michael Moore,6.6979999999999995,7.1160000000000005,0.41800000000000104
Sönke Wortmann,6.062,6.478,0.4159999999999995
Bertrand Bonello,5.708000000000001,6.124,0.4159999999999986
Gary Winick,5.926,6.34,0.4139999999999997
Martin Guigui,4.67,5.066,0.3959999999999999
Daniel Barnz,6.01,6.4,0.39000000000000057
François Ozon,6.593999999999999,6.978000000000001,0.38400000000000123
Greta Gerwig,7.416,7.8,0.38399999999999945
Lloyd A. Simandl,3.842,4.215999999999999,0.3739999999999992
Ruben Östlund,6.732,7.104,0.3719999999999999
Shinsuke Sato,6.18,6.55,0.3700000000000001
Karyn Kusama,5.894,6.263999999999999,0.3699999999999992
Andrey Konchalovskiy,6.82,7.188000000000001,0.3680000000000003
Jim Mickle,5.996,6.36,0.3639999999999999
Marco Bellocchio,6.474,6.836,0.3620000000000001
Michael Almereyda,5.35,5.707999999999999,0.35799999999999965
Alfonso Cuarón,7.343999999999999,7.7,0.35600000000000076
Agnès Varda,7.192,7.547999999999999,0.355999999999999
Pat O'Connor,6.226,6.58,0.3540000000000001
John Hamburg,5.912000000000001,6.263999999999999,0.35199999999999854
Sion Sono,5.98,6.33,0.34999999999999964
Isao Takahata,7.454,7.8020000000000005,0.34800000000000075
Jean-Marc Vallée,6.6739999999999995,7.022,0.34800000000000075
Steve Carr,5.4,5.747999999999999,0.347999999999999
Gus Van Sant,6.244,6.59,0.3460000000000001
Ryoo Seung-wan,6.6579999999999995,7.004,0.3460000000000001
Johan Nijenhuis,5.204,5.55,0.3460000000000001
Emmanuel Mouret,6.508000000000001,6.846,0.3379999999999992
Stuart Gordon,5.928000000000001,6.257999999999999,0.3299999999999983
Claude Chabrol,5.747999999999999,6.0760000000000005,0.3280000000000012
Bernardo Bertolucci,6.46,6.787999999999999,0.3279999999999994
Marielle Heller,6.9079999999999995,7.232,0.32400000000000073
Susanna White,6.117999999999999,6.44,0.32200000000000095
Nicole Holofcener,6.376,6.696000000000001,0.3200000000000003
John Carney,7.44,7.76,0.3199999999999994
Don Mancini,5.096,5.414,0.3179999999999996
Nick Hamm,6.156000000000001,6.472,0.31599999999999984
Mike Nichols,6.7,7.016,0.31599999999999984
Richard Shepard,5.848,6.162000000000001,0.31400000000000095
Teddy Chan,6.028,6.34,0.3120000000000003
Volker Schlöndorff,6.252000000000001,6.564,0.3119999999999994
Stephen Hopkins,6.377999999999999,6.68,0.3020000000000005
Wolfgang Groos,5.676,5.976,0.2999999999999998
Spike Lee,6.854,7.151999999999999,0.29799999999999915
Howard Deutch,5.452000000000001,5.746,0.2939999999999996
Ben Falcone,5.18,5.472,0.2920000000000007
William Friedkin,5.8660000000000005,6.154,0.28799999999999937
James DeMonaco,5.768000000000001,6.056,0.28799999999999937
M. Night Shyamalan,6.355999999999999,6.6419999999999995,0.2860000000000005
Alan Parker,7.204,7.484,0.28000000000000025
Ivan Reitman,6.34,6.62,0.28000000000000025
Bruce Beresford,6.626,6.904,0.2779999999999996
George Tillman Jr.,7.087999999999999,7.36,0.27200000000000113
Andrzej Wajda,6.52,6.79,0.27000000000000046
Makoto Shinkai,7.396,7.662000000000001,0.2660000000000009
Stephen Sommers,6.14,6.404,0.26400000000000023
David Lowery,6.448,6.708000000000001,0.2600000000000007
Giovanni Veronesi,5.6,5.856,0.2560000000000002
Tosca Musk,5.9879999999999995,6.24,0.25200000000000067
Daniel Espinosa,6.336,6.587999999999999,0.2519999999999989
Jean-François Richet,6.093999999999999,6.3420000000000005,0.2480000000000011
Will Gluck,6.351999999999999,6.6,0.24800000000000022
Lynn Shelton,6.254,6.5,0.24600000000000044
Christian Ditter,5.956,6.2,0.24399999999999977
John Badham,6.096,6.337999999999999,0.2419999999999991
Jocelyn Moorhouse,6.652,6.892,0.2400000000000002
Steven Spielberg,7.16,7.4,0.2400000000000002
Pete Travis,6.5360000000000005,6.77,0.2339999999999991
Baz Luhrmann,6.97,7.2,0.23000000000000043
Phyllida Lloyd,6.482,6.712000000000001,0.23000000000000043
Cathy Garcia-Sampana,6.794,7.024,0.23000000000000043
Andy Tennant,5.96,6.188,0.22799999999999976
Philippe de Chauveron,5.682,5.9079999999999995,0.2259999999999991
Marc Forster,6.94,7.164,0.2239999999999993
Dexter Fletcher,7.084,7.3,0.2160000000000002
Spike Jonze,7.7,7.916,0.2160000000000002
Lenny Abrahamson,6.843999999999999,7.06,0.2160000000000002
Craig Zobel,6.35,6.564,0.2140000000000004
Ron Howard,6.684,6.898,0.21399999999999952
Lee Daniels,6.688,6.9,0.21200000000000063
Nora Ephron,6.48,6.692,0.21199999999999974
J Blakeson,5.95,6.16,0.20999999999999996
Andrew Davis,6.707999999999999,6.914,0.2060000000000004
Stéphane Brizé,6.47,6.672000000000001,0.20200000000000085
Richard Curtis,7.6,7.8,0.20000000000000018
Martin McDonagh,7.9,8.1,0.1999999999999993
John Duigan,6.17,6.367999999999999,0.1979999999999995
David Fincher,6.84,7.034,0.19399999999999995
Bryan Singer,7.707999999999999,7.9,0.19200000000000106
Takahiro Miki,6.553999999999999,6.7379999999999995,0.18400000000000016
Jérôme Salle,6.452000000000001,6.636,0.18399999999999928
Adam McKay,7.02,7.2,0.1800000000000006
Gurinder Chadha,6.672000000000001,6.852,0.17999999999999972
Louis Morneau,4.788,4.966,0.17799999999999994
Menahem Golan,4.17,4.348,0.17799999999999994
Yôji Yamada,6.832000000000001,7.006,0.1739999999999995
Jake Kasdan,6.53,6.7,0.16999999999999993
David Wain,5.892,6.061999999999999,0.16999999999999904
Alfonso Gomez-Rejon,6.692,6.86,0.16800000000000015
Marc Lawrence,6.132,6.3,0.16800000000000015
Dan Scanlon,7.232,7.4,0.16800000000000015
Patrick Lussier,5.124,5.29,0.16600000000000037
Jonas Åkerlund,6.22,6.3839999999999995,0.1639999999999997
Albert Pyun,3.792,3.948,0.15600000000000014
Cary Joji Fukunaga,7.416,7.572,0.1559999999999997
Gavin O'Connor,6.67,6.82,0.15000000000000036
Roar Uthaug,6.156000000000001,6.306,0.14999999999999947
Robert Vince,4.048,4.196000000000001,0.14800000000000058
Andy Muschietti,6.354,6.5,0.1459999999999999
Lawrence Lanoff,3.9539999999999997,4.1,0.1459999999999999
Nimród Antal,6.76,6.904,0.14400000000000013
John Polson,5.5760000000000005,5.72,0.14399999999999924
Yvan Attal,6.07,6.212000000000001,0.14200000000000035
Felix van Groeningen,7.204,7.344000000000001,0.14000000000000146
David Twohy,6.276,6.416,0.14000000000000057
Jeff Baena,5.768000000000001,5.9079999999999995,0.1399999999999988
John McNaughton,6.0120000000000005,6.151999999999999,0.1399999999999988
Paul Schrader,6.558,6.696000000000001,0.1380000000000008
Gregory Dark,4.548,4.678,0.1299999999999999
Clark Johnson,6.1,6.226,0.12600000000000033
William Brent Bell,4.86,4.986000000000001,0.12600000000000033
Krzysztof Kieslowski,7.736000000000001,7.86,0.12399999999999967
Soi Cheang,5.976,6.1,0.12399999999999967
Pascal Laugier,6.2,6.32,0.1200000000000001
Andrew Fleming,6.336,6.452000000000001,0.11600000000000055
David S. Ward,5.882000000000001,5.996,0.11399999999999988
Peter Ho-Sun Chan,6.954,7.068,0.11399999999999988
Anders Thomas Jensen,7.388,7.5,0.1120000000000001
Rosa von Praunheim,6.5760000000000005,6.688,0.11199999999999921
Ernie Barbarash,5.367999999999999,5.476,0.10800000000000054
Stephen Gyllenhaal,6.13,6.232,0.10200000000000031
Mark Waters,5.82,5.922,0.10199999999999942
Jonathan Teplitzky,6.492000000000001,6.593999999999999,0.10199999999999854
Joe Carnahan,6.648,6.746,0.09800000000000075
Lone Scherfig,6.552,6.65,0.09800000000000075
Dome Karukoski,6.702000000000001,6.8,0.09799999999999898
Jeff Tremaine,6.751999999999999,6.848,0.09600000000000097
Thomas Vinterberg,7.604,7.7,0.09600000000000009
Eric Lavaine,5.596,5.688000000000001,0.09200000000000053
Erik Poppe,7.09,7.176,0.0860000000000003
Jaume Balagueró,5.596,5.678,0.08199999999999985
Scott Cooper,7.06,7.14,0.08000000000000007
Michael Showalter,6.784,6.856,0.07200000000000006
Brillante Mendoza,6.272,6.343999999999999,0.07199999999999918
Don Roos,6.16,6.23,0.07000000000000028
Steve Rash,5.738,5.808000000000001,0.07000000000000028
Atom Egoyan,6.726,6.796,0.07000000000000028
Kriv Stenders,6.7,6.763999999999999,0.06399999999999917
Barry Jenkins,7.127999999999999,7.19,0.062000000000001165
Léa Pool,6.7620000000000005,6.824,0.06199999999999939
McG,5.585999999999999,5.644,0.05800000000000072
Daniel Calparsoro,5.491999999999999,5.547999999999999,0.05600000000000005
Stephen Chbosky,7.844000000000001,7.9,0.05599999999999916
Lasse Hallström,7.148,7.202000000000001,0.05400000000000116
Malgorzata Szumowska,5.751999999999999,5.806,0.05400000000000116
Amy Heckerling,5.624,5.678,0.05400000000000027
Carlos Saura,6.784,6.837999999999999,0.05399999999999938
Ira Sachs,6.0760000000000005,6.128000000000001,0.05200000000000049
Stephen Frears,6.748000000000001,6.8,0.051999999999998714
Keiichi Hara,6.874,6.9239999999999995,0.04999999999999982
David Michôd,6.992000000000001,7.04,0.047999999999999154
Mark Atkins,3.012,3.0580000000000003,0.04600000000000026
Claude Miller,6.306,6.351999999999999,0.045999999999999375
Nicolas Vanier,6.798000000000001,6.843999999999999,0.04599999999999849
Baltasar Kormákur,6.542000000000001,6.587999999999999,0.04599999999999849
Sherry Hormann,6.7,6.744,0.043999999999999595
Ki-hyeong Park,5.51,5.5520000000000005,0.0420000000000007
Chloé Zhao,7.263999999999999,7.3,0.036000000000000476
Michael Tiddes,4.934,4.968,0.03399999999999981
Craig Clyde,5.343999999999999,5.376,0.03200000000000092
Debra Granik,7.01,7.04,0.03000000000000025
Bertrand Tavernier,6.74,6.77,0.02999999999999936
Vince Marcello,5.74,5.768000000000001,0.02800000000000047
Kelly Reichardt,6.82,6.848,0.02799999999999958
Fernando Trueba,6.26,6.2860000000000005,0.02600000000000069
Raja Gosnell,4.6,4.624,0.02400000000000002
Michael Hoffman,6.598,6.62,0.02200000000000024
Paul McGuigan,6.488,6.508000000000001,0.020000000000000462
Jon Favreau,6.78,6.8,0.019999999999999574
Thomas Bezucha,6.5,6.52,0.019999999999999574
Noboru Iguchi,5.522,5.54,0.017999999999999794
Sebastian Gutierrez,5.54,5.558,0.017999999999999794
Pablo Trapero,6.63,6.646,0.016000000000000014
Edward Burns,6.287999999999999,6.3,0.012000000000000455
Doug Liman,6.8,6.811999999999999,0.011999999999999567
Alex Kendrick,6.508000000000001,6.516,0.007999999999999119
Adam Green,5.83,5.836,0.006000000000000227
Destin Daniel Cretton,7.574,7.58,0.006000000000000227
Michael Lehmann,5.612,5.617999999999999,0.005999999999999339
Chantal Akerman,6.46,6.4639999999999995,0.0039999999999995595
Fernando Meirelles,7.3,7.3,0.0
Chad Stahelski,7.4,7.4,0.0
Saul Dibb,6.836,6.832000000000001,-0.0039999999999995595
Paul Thomas Anderson,7.404,7.4,-0.0039999999999995595
Gore Verbinski,6.404,6.4,-0.0039999999999995595
Andrew Haigh,7.106,7.1,-0.006000000000000227
Cédric Kahn,6.376,6.364,-0.012000000000000455
Rowdy Herrington,6.206,6.192,-0.014000000000000234
Brian Levant,5.3,5.28,-0.019999999999999574
Florent-Emilio Siri,6.506,6.484,-0.02200000000000024
Griffin Dunne,6.167999999999999,6.142,-0.025999999999998913
Lee Chang-dong,7.544,7.518,-0.0259999999999998
Cirio H. Santiago,4.368,4.342,-0.02600000000000069
Vitaliy Manskiy,7.132000000000001,7.104,-0.02800000000000047
Alejandro G. Iñárritu,8.03,8.0,-0.02999999999999936
Franco Zeffirelli,6.73,6.7,-0.03000000000000025
Costa-Gavras,6.372000000000001,6.334,-0.038000000000001144
Nick Hurran,5.916,5.876,-0.040000000000000036
Fred Schepisi,6.144,6.104,-0.040000000000000036
Rolf de Heer,6.892,6.852,-0.040000000000000036
Christian Vincent,6.388,6.346,-0.041999999999999815
Frederick Wiseman,7.337999999999999,7.294,-0.043999999999999595
James Gray,6.544,6.5,-0.043999999999999595
Michael Haneke,7.138,7.093999999999999,-0.04400000000000048
Mike Newell,7.146,7.1,-0.04600000000000026
Bruno Podalydès,6.28,6.232,-0.04800000000000004
Mia Hansen-Løve,6.712000000000001,6.658,-0.05400000000000027
Fernando González Molina,6.422000000000001,6.368,-0.05400000000000027
James Franco,5.428,5.374,-0.05400000000000027
Hong Sang-soo,6.774,6.716,-0.05799999999999983
Steve Barron,6.436,6.376,-0.05999999999999961
John Curran,6.852,6.792000000000001,-0.05999999999999961
Brett Haley,6.626,6.566,-0.0600000000000005
Stuart Baird,6.52,6.456,-0.06399999999999917
Steven C. Miller,4.832,4.768,-0.06400000000000006
Shûsuke Kaneko,6.864,6.8,-0.06400000000000006
Michael Feifer,4.122,4.056,-0.06599999999999984
David Lynch,7.224,7.151999999999999,-0.07200000000000095
Anthony Minghella,6.8,6.724,-0.07599999999999962
Ole Christian Madsen,6.644,6.566,-0.07800000000000029
David Robert Mitchell,6.65,6.572,-0.07800000000000029
Ric Roman Waugh,6.48,6.4,-0.08000000000000007
J.S. Cardone,5.114,5.03,-0.08399999999999963
Gary Fleder,6.667999999999999,6.584,-0.08399999999999963
Adam Shankman,5.646,5.56,-0.0860000000000003
Theodoros Angelopoulos,7.568,7.48,-0.08799999999999919
Takashi Yamazaki,6.798000000000001,6.71,-0.08800000000000097
Jodie Foster,6.6,6.51,-0.08999999999999986
Sebastián Lelio,6.626,6.534,-0.09200000000000053
Kunihiko Yuyama,6.256,6.164,-0.09200000000000053
Phil Grabsky,7.542000000000001,7.45,-0.09200000000000053
Rick King,4.894,4.8,-0.0940000000000003
Marc Meyers,6.064,5.97,-0.0940000000000003
Paul Weitz,6.14,6.044,-0.09600000000000009
Petter Næss,6.732,6.636,-0.09600000000000009
Yukihiko Tsutsumi,6.164,6.066,-0.09799999999999986
Irwin Winkler,6.178,6.08,-0.09799999999999986
Jamie Blanks,5.4319999999999995,5.334,-0.09799999999999986
Jacques Audiard,7.066,6.966,-0.09999999999999964
Sam Mendes,8.3,8.2,-0.10000000000000142
Nicholas Hytner,7.016,6.914,-0.10200000000000031
Ryan Murphy,5.962,5.854,-0.10799999999999965
Tim Hill,5.912000000000001,5.8,-0.11200000000000099
Margarethe von Trotta,6.44,6.327999999999999,-0.11200000000000099
Amos Gitai,5.728,5.614,-0.11399999999999988
Bigas Luna,5.932,5.816,-0.11600000000000055
Paddy Breathnach,6.204,6.086,-0.11799999999999944
Tom Shadyac,6.684,6.564,-0.1200000000000001
Charles Shyer,6.236000000000001,6.1160000000000005,-0.1200000000000001
Deran Sarafian,5.414,5.294,-0.1200000000000001
Ol Parker,6.784,6.664,-0.1200000000000001
Brian Trenchard-Smith,4.3660000000000005,4.238,-0.1280000000000001
John Irvin,5.738,5.61,-0.1280000000000001
Derek Cianfrance,7.33,7.2,-0.1299999999999999
Mark Steven Johnson,5.93,5.8,-0.1299999999999999
Scott Mann,6.037999999999999,5.9079999999999995,-0.1299999999999999
Tsutomu Shibayama,7.06,6.93,-0.1299999999999999
Eytan Fox,7.0360000000000005,6.904,-0.13200000000000056
Brad Anderson,6.636,6.5,-0.13600000000000012
Jean-Jacques Annaud,6.736000000000001,6.6,-0.136000000000001
Kevin Tenney,4.7139999999999995,4.576,-0.1379999999999999
Olivier Dahan,5.742000000000001,5.604,-0.1380000000000008
Judd Apatow,7.095999999999999,6.956,-0.1399999999999988
Carlos Saldanha,6.8,6.66,-0.13999999999999968
Zalman King,4.346,4.206,-0.13999999999999968
Mark Rosman,5.4,5.26,-0.14000000000000057
Hisayasu Satô,5.906000000000001,5.7620000000000005,-0.14400000000000013
Hayao Miyazaki,7.928000000000001,7.784,-0.14400000000000102
Edgar Wright,7.646,7.5,-0.1459999999999999
Im Kwon-taek,6.867999999999999,6.72,-0.1479999999999997
Sean Penn,6.5760000000000005,6.426,-0.15000000000000036
Brad Furman,6.82,6.67,-0.15000000000000036
Ann Hui,6.85,6.698,-0.15199999999999925
Paolo Virzì,6.6,6.4479999999999995,-0.15200000000000014
Diane Kurys,5.986000000000001,5.834,-0.15200000000000102
John G. Avildsen,5.944,5.79,-0.15399999999999991
Gregg Araki,6.268,6.114,-0.15399999999999991
Manuel Gómez Pereira,6.156000000000001,6.002000000000001,-0.15399999999999991
Oriol Paulo,7.712,7.556,-0.1559999999999997
S. Craig Zahler,7.1,6.944,-0.1559999999999997
Philippe Le Guay,6.49,6.334,-0.15600000000000058
Jay Roach,6.957999999999999,6.8,-0.15799999999999947
Ben Lewin,6.5520000000000005,6.394,-0.15800000000000036
Gabriele Muccino,6.572,6.414,-0.15800000000000036
Julian Schnabel,7.004,6.844000000000001,-0.15999999999999837
Christian Petzold,6.843999999999999,6.684,-0.15999999999999925
Jon Amiel,6.256,6.093999999999999,-0.1620000000000008
Andrew Adamson,6.9,6.736000000000001,-0.1639999999999997
Christophe Gans,6.5920000000000005,6.426,-0.16600000000000037
Benny Chan,6.4879999999999995,6.318,-0.16999999999999993
Godfrey Ho,4.396,4.224,-0.1719999999999997
Sammo Kam-Bo Hung,6.352,6.18,-0.1720000000000006
Pablo Larraín,6.89,6.716,-0.1739999999999995
Dominik Moll,6.756,6.577999999999999,-0.17800000000000082
André Téchiné,7.006,6.824,-0.18200000000000038
Aki Kaurismäki,7.3839999999999995,7.2,-0.18399999999999928
Jean-Pierre Améris,6.6579999999999995,6.474,-0.18399999999999928
Brian Helgeland,7.084,6.9,-0.18399999999999928
Nils Gaup,5.99,5.803999999999999,-0.18600000000000083
Gillies MacKinnon,6.374,6.184,-0.1899999999999995
Sergey Loznitsa,6.922000000000001,6.732,-0.1900000000000004
Wai-Man Yip,5.45,5.26,-0.1900000000000004
John Patrick Shanley,6.54,6.348,-0.19200000000000017
James Toback,5.256,5.064,-0.19200000000000017
Anand Tucker,6.604,6.408,-0.19599999999999973
Andrey Zvyagintsev,7.796,7.6,-0.19600000000000062
Phillip J. Roth,3.946,3.7460000000000004,-0.19999999999999973
Henry Selick,7.9,7.7,-0.20000000000000018
Ari Aster,7.3,7.1,-0.20000000000000018
Rod Lurie,6.78,6.58,-0.20000000000000018
Joko Anwar,6.584,6.38,-0.20399999999999974
Mark Mylod,6.242000000000001,6.0360000000000005,-0.2060000000000004
Rebecca Miller,6.444,6.2379999999999995,-0.2060000000000004
Ulrich Seidl,7.002000000000001,6.796,-0.2060000000000004
Klaus Härö,7.246,7.037999999999999,-0.20800000000000107
Beeban Kidron,6.167999999999999,5.957999999999999,-0.20999999999999996
Colin Trevorrow,6.908,6.696000000000001,-0.21199999999999974
Bryan Bertino,5.9,5.688,-0.21200000000000063
George Nolfi,7.0,6.787999999999999,-0.21200000000000063
Peter Bogdanovich,6.732,6.52,-0.21200000000000063
Kim Ki-duk,6.606,6.392,-0.21399999999999952
David Leitch,6.7139999999999995,6.5,-0.21399999999999952
Keoni Waxman,4.238,4.024,-0.2140000000000004
Pupi Avati,6.282,6.066,-0.2160000000000002
Jessica Hausner,6.196000000000001,5.98,-0.2160000000000002
Peter Hedges,6.896,6.68,-0.2160000000000002
Denys Arcand,6.652,6.432,-0.21999999999999975
Juan José Campanella,6.877999999999999,6.656000000000001,-0.22199999999999864
Karan Johar,7.45,7.228000000000001,-0.22199999999999953
Ryan Coogler,7.522,7.3,-0.22200000000000042
Vadim Perelman,7.24,7.016,-0.2240000000000002
Tyler Perry,5.6579999999999995,5.432,-0.2259999999999991
Zhangke Jia,7.068,6.8420000000000005,-0.2259999999999991
Lav Diaz,7.0760000000000005,6.846,-0.23000000000000043
Bennett Miller,7.354,7.12,-0.23399999999999999
Oskar Roehler,6.236000000000001,6.002000000000001,-0.23399999999999999
Robert Benton,6.627999999999999,6.392,-0.23599999999999888
Christopher Smith,5.92,5.684,-0.23599999999999977
Douglas Jackson,4.9559999999999995,4.718,-0.23799999999999955
Jeff Burr,4.894,4.656000000000001,-0.23799999999999955
Gregor Jordan,6.9079999999999995,6.67,-0.23799999999999955
Christopher Guest,6.744,6.5,-0.24399999999999977
Gillian Armstrong,6.432,6.188,-0.24400000000000066
Rodrigo García,6.478000000000001,6.231999999999999,-0.24600000000000133
Tarsem Singh,6.624,6.374,-0.25
Milos Forman,7.32,7.07,-0.25
Na Hong-jin,7.64,7.3839999999999995,-0.2560000000000002
Jaco Van Dormael,7.452000000000001,7.196000000000001,-0.2560000000000002
Morten Tyldum,7.257999999999999,7.0,-0.2579999999999991
Radu Jude,7.222,6.9639999999999995,-0.2580000000000009
Alan J. Pakula,6.516,6.256,-0.2599999999999998
David Gordon Green,6.778,6.516,-0.26199999999999957
Jim Abrahams,6.268,6.006,-0.26199999999999957
Louis Leterrier,6.622000000000001,6.36,-0.26200000000000045
Michele Placido,6.37,6.106,-0.26400000000000023
Rajkumar Hirani,8.234,7.9639999999999995,-0.27000000000000046
Peter Berg,6.444,6.17,-0.274
Nanni Moretti,7.022,6.747999999999999,-0.2740000000000009
Park Hoon-jung,7.184,6.9079999999999995,-0.2760000000000007
Herman Yau,6.15,5.874,-0.2760000000000007
Jonathan Lynn,6.516,6.2379999999999995,-0.27800000000000047
Breck Eisner,6.251999999999999,5.972,-0.2799999999999985
Peter Landesman,6.82,6.54,-0.28000000000000025
Steven Quale,5.896,5.614,-0.28200000000000003
Roger Michell,7.088000000000001,6.803999999999999,-0.2840000000000016
Akan Satayev,6.024,5.7379999999999995,-0.2860000000000005
Lynne Ramsay,7.164,6.876,-0.28799999999999937
John Wells,6.89,6.6,-0.29000000000000004
Rithy Panh,7.117999999999999,6.827999999999999,-0.29000000000000004
Lucas Belvaux,6.55,6.258000000000001,-0.2919999999999989
Derrick Borte,6.312,6.02,-0.2920000000000007
Nick Cassavetes,6.26,5.9639999999999995,-0.29600000000000026
Tom McCarthy,7.6,7.302,-0.29800000000000004
Cédric Klapisch,7.004,6.704,-0.2999999999999998
Darrell Roodt,5.57,5.27,-0.3000000000000007
Phillip Noyce,6.324,6.022,-0.3019999999999996
Christian Alvart,6.57,6.268,-0.3020000000000005
Christopher Cain,5.42,5.117999999999999,-0.3020000000000005
Mark Pellington,6.57,6.263999999999999,-0.30600000000000094
Johnnie To,6.324,6.0120000000000005,-0.3119999999999994
Ben Wheatley,6.414,6.102,-0.3119999999999994
Tinto Brass,5.392,5.08,-0.3120000000000003
Lorene Scafaria,6.612,6.3,-0.3120000000000003
Peter Greenaway,6.8420000000000005,6.53,-0.3120000000000003
Ryûichi Hiroki,6.2,5.8839999999999995,-0.3160000000000007
Ye Lou,6.91,6.5920000000000005,-0.3179999999999996
Robert Guédiguian,6.8260000000000005,6.507999999999999,-0.3180000000000014
Paul Greengrass,7.12,6.8,-0.3200000000000003
Wes Craven,6.4,6.08,-0.3200000000000003
Andreas Dresen,7.106,6.781999999999999,-0.32400000000000073
Icíar Bollaín,7.034,6.708000000000001,-0.32599999999999874
Richard Loncraine,6.84,6.5120000000000005,-0.3279999999999994
Carl Franklin,6.806,6.476,-0.33000000000000007
Roman Polanski,7.2,6.87,-0.33000000000000007
Adrian Lyne,7.0360000000000005,6.704,-0.33200000000000074
Nicole Garcia,6.472,6.138,-0.3340000000000005
Rick Jacobson,4.516,4.1819999999999995,-0.3340000000000005
Hany Abu-Assad,6.744,6.4,-0.3439999999999994
Doris Dörrie,6.836,6.492000000000001,-0.3439999999999994
James Watkins,6.664,6.32,-0.3439999999999994
Raúl Ruiz,6.598,6.254,-0.3440000000000003
Phil Joanou,6.5760000000000005,6.23,-0.3460000000000001
Im Sang-soo,6.331999999999999,5.984,-0.347999999999999
Joseph Ruben,6.322,5.974,-0.34799999999999986
Mikael Håfström,7.048000000000001,6.7,-0.34800000000000075
Neil Burger,7.32,6.968,-0.3520000000000003
Alex van Warmerdam,7.044,6.69,-0.3539999999999992
Oliver Stone,7.6,7.246,-0.3539999999999992
Gareth Evans,7.167999999999999,6.812,-0.355999999999999
Mick Jackson,6.532,6.176,-0.35599999999999987
Joachim Lafosse,6.5520000000000005,6.194,-0.35800000000000054
Kevin Reynolds,6.82,6.46,-0.3600000000000003
Tony Gilroy,6.936,6.57,-0.36599999999999966
Alan Taylor,6.676,6.31,-0.36600000000000055
Bill Duke,6.478000000000001,6.106,-0.3720000000000008
Mamoru Hosoda,7.54,7.167999999999999,-0.3720000000000008
Justin Chadwick,6.7,6.3260000000000005,-0.37399999999999967
Julien Leclercq,5.97,5.596,-0.37399999999999967
Alexandre Aja,6.482,6.108,-0.37400000000000055
Xavier Beauvois,6.662000000000001,6.2860000000000005,-0.37600000000000033
Álex de la Iglesia,6.772,6.396,-0.37600000000000033
Sydney Pollack,6.58,6.202000000000001,-0.3779999999999992
Apichatpong Weerasethakul,7.004,6.626,-0.3779999999999992
Jean Becker,6.882000000000001,6.504,-0.378000000000001
Christopher Nolan,7.68,7.3,-0.3799999999999999
Lee Tamahori,7.324,6.944,-0.3799999999999999
Jay Russell,6.791999999999999,6.41,-0.3819999999999988
Aleksandr Sokurov,6.976,6.593999999999999,-0.38200000000000056
Zeki Demirkubuz,7.262,6.877999999999999,-0.38400000000000034
David Mamet,6.988,6.604,-0.38400000000000034
Curtis Hanson,6.524,6.14,-0.38400000000000034
Shin'ya Tsukamoto,6.638,6.252000000000001,-0.38599999999999923
John Hyams,6.108,5.722,-0.38599999999999923
Philippe Garrel,6.806,6.42,-0.3860000000000001
Alejandro Agresti,6.8260000000000005,6.44,-0.3860000000000001
Joe Johnston,6.76,6.372000000000001,-0.387999999999999
Nacho Vigalondo,6.394,6.006,-0.3879999999999999
Haifaa Al-Mansour,6.998000000000001,6.61,-0.3880000000000008
Ken Scott,6.712000000000001,6.324,-0.3880000000000008
Caroline Link,7.337999999999999,6.9479999999999995,-0.3899999999999997
John Boorman,6.434,6.042000000000001,-0.39199999999999946
Jean-Luc Godard,6.38,5.9879999999999995,-0.39200000000000035
Stefan Ruzowitzky,6.084,5.691999999999999,-0.39200000000000035
Paul Verhoeven,7.42,7.028,-0.39200000000000035
Werner Herzog,7.066,6.6739999999999995,-0.39200000000000035
Barbet Schroeder,6.816,6.416,-0.39999999999999947
Fede Alvarez,6.5,6.1,-0.40000000000000036
Matteo Garrone,6.792000000000001,6.39,-0.402000000000001
Pierre Salvadori,6.672000000000001,6.266,-0.4060000000000006
István Szabó,6.95,6.54,-0.41000000000000014
Keishi Otomo,7.216,6.806,-0.41000000000000014
Francis Lawrence,7.0120000000000005,6.6,-0.4120000000000008
Stephen Gaghan,6.06,5.644,-0.4159999999999995
Patricia Rozema,6.64,6.222,-0.41799999999999926
Emilio Martínez Lázaro,6.2620000000000005,5.84,-0.4220000000000006
Peter Segal,6.656000000000001,6.23,-0.42600000000000016
Cristian Mungiu,7.788,7.36,-0.42799999999999994
Joe Wright,7.8,7.3660000000000005,-0.4339999999999993
Woody Allen,6.654,6.22,-0.43400000000000016
Régis Wargnier,6.664,6.228,-0.43599999999999994
Kenny Ortega,6.9,6.4639999999999995,-0.43600000000000083
Edward Zwick,7.1,6.66,-0.4399999999999995
Sam Irvin,5.184,4.744,-0.4400000000000004
Andrew Jones,3.168,2.7260000000000004,-0.4419999999999997
Karen Shakhnazarov,6.553999999999999,6.11,-0.44399999999999906
Jafar Panahi,7.552,7.108,-0.44399999999999995
Xiaogang Feng,6.846,6.4,-0.44599999999999973
Sabu,7.0120000000000005,6.566,-0.4460000000000006
Marc Webb,7.668000000000001,7.216,-0.45200000000000085
Jeff Nichols,7.236000000000001,6.784,-0.45200000000000085
Daniel Lee,6.002000000000001,5.548000000000001,-0.45399999999999974
Hugh Wilson,6.303999999999999,5.848,-0.4559999999999995
Sam Raimi,6.78,6.324,-0.4560000000000004
Joss Whedon,7.756,7.3,-0.4560000000000004
Terence Davies,6.81,6.352,-0.4579999999999993
Bille Woodruff,5.42,4.962,-0.4580000000000002
Nigel Cole,6.9,6.44,-0.45999999999999996
Paul W.S. Anderson,5.68,5.218000000000001,-0.46199999999999886
Giuseppe Tornatore,7.6160000000000005,7.154,-0.46200000000000063
Randall Wallace,6.57,6.108,-0.46200000000000063
Michael Cuesta,6.664,6.2,-0.4639999999999995
Brett Ratner,6.472,6.007999999999999,-0.4640000000000013
Takashi Miike,6.872000000000001,6.406000000000001,-0.4660000000000002
Marco Kreuzpaintner,7.246,6.78,-0.4660000000000002
Kim Jee-woon,7.016,6.547999999999999,-0.46800000000000086
David A. Prior,4.206,3.736,-0.4700000000000002
Marleen Gorris,7.0760000000000005,6.604,-0.4720000000000004
Philip Kaufman,6.268,5.794,-0.4740000000000002
Gina Prince-Bythewood,7.2,6.726,-0.4740000000000002
Bille August,7.348000000000001,6.874,-0.4740000000000011
Ari Sandel,6.316,5.84,-0.476
Jesse Dylan,6.2379999999999995,5.76,-0.47799999999999976
Hiromasa Yonebayashi,7.6,7.12,-0.47999999999999954
Jared Cohn,3.17,2.69,-0.48
Michael Apted,6.784,6.303999999999999,-0.4800000000000004
George Gallo,6.35,5.868,-0.4819999999999993
Dean DeBlois,7.8839999999999995,7.4,-0.4839999999999991
Deepa Mehta,6.751999999999999,6.263999999999999,-0.48799999999999955
Alex Gibney,7.586,7.098,-0.48800000000000043
Pavel Lungin,6.712000000000001,6.222,-0.4900000000000002
J.C. Chandor,7.092,6.6,-0.492
John Dahl,7.0,6.507999999999999,-0.4920000000000009
Peter Chelsom,6.952000000000001,6.46,-0.4920000000000009
Andrea Arnold,7.093999999999999,6.6,-0.4939999999999998
Fedor Bondarchuk,6.093999999999999,5.6,-0.4939999999999998
Liz Garbus,7.3,6.806,-0.4939999999999998
Jerry Zucker,6.946000000000001,6.45,-0.49600000000000044
Alain Corneau,6.9239999999999995,6.426,-0.49799999999999933
Roland Joffé,5.9479999999999995,5.4479999999999995,-0.5
Wes Ball,6.8,6.3,-0.5
Jonathan Kaplan,6.446000000000001,5.944,-0.5020000000000007
Paul Haggis,7.084,6.58,-0.5039999999999996
Anne Fletcher,6.444,5.94,-0.5039999999999996
Luc Besson,7.09,6.584,-0.5060000000000002
Penelope Spheeris,6.28,5.774,-0.5060000000000002
Ferzan Özpetek,6.72,6.2139999999999995,-0.5060000000000002
Kore-eda Hirokazu,7.287999999999999,6.78,-0.5079999999999991
Andrew Dominik,7.276,6.76,-0.516
Rob Marshall,7.218,6.7,-0.5179999999999998
Kasi Lemmons,6.686,6.166,-0.5199999999999996
Jim Wynorski,4.306,3.7840000000000003,-0.5219999999999998
Paolo Sorrentino,7.276,6.754,-0.5220000000000002
Rodney McDonald,4.11,3.588,-0.5220000000000002
Terrence Malick,7.6,7.0760000000000005,-0.5239999999999991
Philipp Stölzl,6.846,6.32,-0.5259999999999998
Richard Pepin,4.514,3.986,-0.528
Richard Donner,6.79,6.26,-0.5300000000000002
Dean Parisot,6.572,6.04,-0.532
Sam Weisman,6.026,5.494,-0.532
Paul Weiland,6.386,5.854,-0.532
Julie Delpy,6.492000000000001,5.958000000000001,-0.5339999999999998
Danièle Thompson,6.32,5.7860000000000005,-0.5339999999999998
Aleksey Balabanov,7.37,6.834,-0.5360000000000005
Asghar Farhadi,7.5520000000000005,7.0120000000000005,-0.54
Dennis Gansel,6.722,6.182,-0.54
Malcolm D. Lee,6.276,5.731999999999999,-0.5440000000000005
Erik Van Looy,6.882000000000001,6.336,-0.5460000000000003
Fatih Akin,7.3839999999999995,6.836,-0.5479999999999992
Daniele Luchetti,6.796,6.247999999999999,-0.5480000000000009
Otar Iosseliani,7.013999999999999,6.4639999999999995,-0.5499999999999998
Elliott Lester,6.111999999999999,5.556,-0.5559999999999992
Joachim Trier,7.444,6.888,-0.556
Martin Sulík,7.336,6.778,-0.5580000000000007
Tsai Ming-liang,7.386,6.827999999999999,-0.5580000000000007
J.J. Abrams,6.96,6.4,-0.5599999999999996
Sharon Maguire,6.8,6.236000000000001,-0.5639999999999992
Claude Lelouch,6.837999999999999,6.272,-0.565999999999999
Luc Jacquet,7.2620000000000005,6.694,-0.5680000000000005
Serge Rodnunsky,4.513999999999999,3.9419999999999997,-0.5719999999999996
Poj Arnon,4.97,4.398,-0.5720000000000001
Olivier Marchal,6.848,6.276,-0.5720000000000001
George A. Romero,5.736000000000001,5.164,-0.572000000000001
Christopher Forbes,2.602,2.026,-0.5760000000000001
Bent Hamer,6.91,6.331999999999999,-0.5780000000000012
Jean-Claude Brisseau,6.228,5.644,-0.5839999999999996
Tom DiCillo,7.02,6.436,-0.5839999999999996
Lukas Moodysson,7.4639999999999995,6.88,-0.5839999999999996
Seth MacFarlane,6.852,6.268,-0.5840000000000005
Harold Becker,6.386,5.8,-0.5860000000000003
Corneliu Porumboiu,6.972,6.3839999999999995,-0.588000000000001
Goran Paskaljevic,7.298000000000001,6.71,-0.588000000000001
Michael Dougherty,6.59,6.0,-0.5899999999999999
Brett Leonard,5.398000000000001,4.808,-0.5900000000000007
John Hillcoat,7.064,6.4719999999999995,-0.5920000000000005
Kevin Costner,7.734,7.14,-0.5940000000000003
Peter Hewitt,5.9639999999999995,5.367999999999999,-0.5960000000000001
Brad Bird,8.1,7.5,-0.5999999999999996
Fred Cavayé,6.938,6.337999999999999,-0.6000000000000005
Catherine Hardwicke,6.86,6.26,-0.6000000000000005
Damien Chazelle,7.9,7.3,-0.6000000000000005
Peter Webber,6.852,6.247999999999999,-0.604000000000001
John Schultz,5.872000000000001,5.266,-0.6060000000000008
Craig Brewer,7.162000000000001,6.556,-0.6060000000000008
Sidney J. Furie,5.044,4.434,-0.6099999999999994
Mohsen Makhmalbaf,7.022,6.412000000000001,-0.6099999999999994
Dito Montiel,6.25,5.64,-0.6100000000000003
Steve McQueen,7.41,6.8,-0.6100000000000003
Laurent Tirard,6.98,6.367999999999999,-0.612000000000001
Allan Moyle,6.3660000000000005,5.752000000000001,-0.6139999999999999
Stephen Norrington,6.41,5.796,-0.6139999999999999
Roy Andersson,7.456,6.84,-0.6160000000000005
Anton Corbijn,7.08,6.462000000000001,-0.6179999999999994
Sanjay Leela Bhansali,7.59,6.968,-0.6219999999999999
Jan Sverák,7.502000000000001,6.88,-0.6220000000000008
Matthew Vaughn,7.324,6.7,-0.6239999999999997
Charles Stone III,6.332000000000001,5.706,-0.6260000000000003
Michel Gondry,7.312,6.684,-0.6280000000000001
Hans Petter Moland,6.914,6.284,-0.6299999999999999
John Crowley,7.164,6.532,-0.6319999999999997
Bruno Dumont,6.552,5.92,-0.6319999999999997
Billy Ray,7.06,6.426,-0.6339999999999995
Jose Javier Reyes,6.772,6.136,-0.6360000000000001
Xavier Gens,6.2,5.562,-0.6379999999999999
John Landis,6.362,5.722,-0.6399999999999997
Zach Braff,7.24,6.6,-0.6400000000000006
James Cameron,8.548,7.9,-0.6479999999999997
Michael Winterbottom,6.688000000000001,6.04,-0.6480000000000006
Éric Rohmer,7.117999999999999,6.4639999999999995,-0.6539999999999999
Clarence Fok,5.82,5.166,-0.6539999999999999
Isao Yukisada,6.8580000000000005,6.2,-0.6580000000000004
Sylvester Stallone,7.084,6.424000000000001,-0.6599999999999984
Anthony Hickox,5.466,4.806,-0.6600000000000001
Agnieszka Holland,7.501999999999999,6.837999999999999,-0.6639999999999997
Gaspar Noé,7.3,6.6339999999999995,-0.6660000000000004
Siu-Tung Ching,6.468,5.8,-0.6680000000000001
Alain Chabat,6.564,5.894,-0.6699999999999999
Arnaud Desplechin,6.604,5.932,-0.6719999999999997
Takeshi Kitano,7.2620000000000005,6.586,-0.6760000000000002
Genndy Tartakovsky,6.976,6.3,-0.6760000000000002
Shekhar Kapur,7.442,6.763999999999999,-0.6780000000000008
Tung-Shing Yee,6.91,6.23,-0.6799999999999997
Bertrand Blier,6.318,5.636,-0.6819999999999995
Olivier Megaton,5.541999999999999,4.856,-0.685999999999999
Bruce McDonald,6.244,5.556,-0.6879999999999997
Giorgio Serafini,4.654,3.964,-0.69
Burr Steers,6.6,5.9079999999999995,-0.6920000000000002
Jeremy Saulnier,6.796,6.104,-0.6920000000000002
Nick Love,6.44,5.747999999999999,-0.6920000000000011
Kiyoshi Kurosawa,6.9479999999999995,6.252000000000001,-0.6959999999999988
Brian Robbins,6.202000000000001,5.506,-0.6960000000000006
Robert Lieberman,6.2,5.502000000000001,-0.6979999999999995
Kôji Shiraishi,6.212000000000001,5.513999999999999,-0.6980000000000013
Kevin Greutert,5.93,5.23,-0.6999999999999993
Radu Mihaileanu,7.606,6.906000000000001,-0.6999999999999993
Andrew Lau,6.03,5.33,-0.7000000000000002
Xavier Dolan,7.208000000000001,6.506,-0.7020000000000008
Peter Cattaneo,7.12,6.41,-0.71
Kelly Asbury,5.918000000000001,5.207999999999999,-0.7100000000000017
Stephen Daldry,7.64,6.928000000000001,-0.7119999999999989
Masayuki Ochiai,5.69,4.978,-0.7120000000000006
Quentin Tarantino,8.312000000000001,7.6,-0.7120000000000015
Wayne Kramer,7.077999999999999,6.364,-0.7139999999999995
James Bobin,6.814,6.1,-0.7140000000000004
Ruben Fleischer,7.416,6.7,-0.7160000000000002
Terry Zwigoff,7.496,6.78,-0.7160000000000002
Stewart Raffill,4.948,4.228,-0.7200000000000006
Steve Oedekerk,6.466,5.744,-0.7220000000000004
Rawson Marshall Thurber,6.544,5.82,-0.7239999999999993
Steven Brill,5.9239999999999995,5.2,-0.7239999999999993
Joe Roth,6.1,5.374,-0.726
Ho-Cheung Pang,6.876,6.15,-0.726
Justin Kurzel,6.6,5.872000000000001,-0.7279999999999989
Patrice Chéreau,6.936,6.208000000000001,-0.7279999999999989
Len Wiseman,6.982,6.254,-0.7280000000000006
John Turturro,6.212000000000001,5.48,-0.7320000000000002
David Slade,6.912000000000001,6.18,-0.7320000000000011
Olivier Assayas,6.763999999999999,6.03,-0.7339999999999991
Michael Caton-Jones,6.5760000000000005,5.84,-0.7360000000000007
Alan Rudolph,5.75,5.01,-0.7400000000000002
Gérard Krawczyk,6.354,5.614,-0.7400000000000002
Julian Jarrold,7.047999999999999,6.306,-0.7419999999999991
Scott Speer,6.32,5.577999999999999,-0.7420000000000009
Joe Dante,6.564,5.82,-0.7439999999999998
Gabriele Salvatores,6.904,6.16,-0.7439999999999998
Robert Redford,7.266,6.52,-0.7460000000000004
Stephen Herek,6.4319999999999995,5.684,-0.7479999999999993
Steven Soderbergh,6.9079999999999995,6.1579999999999995,-0.75
Guy Ritchie,8.101999999999999,7.35,-0.7519999999999989
John Cameron Mitchell,7.024,6.272,-0.7519999999999998
James Wan,7.552,6.8,-0.7519999999999998
Seth Gordon,6.252000000000001,5.5,-0.7520000000000007
Martin Provost,6.95,6.196000000000001,-0.7539999999999996
Ramin Bahrani,6.678,5.9239999999999995,-0.7540000000000004
David O. Russell,6.556,5.8,-0.7560000000000002
Larry Charles,6.686,5.928,-0.758
Majid Majidi,7.88,7.12,-0.7599999999999998
Cameron Crowe,6.952000000000001,6.192,-0.7600000000000007
Naomi Kawase,6.986000000000001,6.22,-0.7660000000000009
Walter Hill,6.0280000000000005,5.26,-0.7680000000000007
Isabel Coixet,7.006,6.236000000000001,-0.7699999999999996
Bahman Ghobadi,7.688000000000001,6.917999999999999,-0.7700000000000014
Danny DeVito,6.8,6.0280000000000005,-0.7719999999999994
Shunji Iwai,7.462000000000001,6.69,-0.7720000000000002
François Girard,7.358,6.584,-0.774
Brad Silberling,6.22,5.444,-0.7759999999999998
Hsiao-Hsien Hou,7.184,6.4079999999999995,-0.7760000000000007
Drake Doremus,6.507999999999999,5.73,-0.7779999999999987
Michael Ritchie,6.162000000000001,5.374,-0.7880000000000011
Martin Scorsese,8.559999999999999,7.768,-0.7919999999999989
Laurent Cantet,7.22,6.428,-0.7919999999999998
Tony Gatlif,7.416,6.622000000000001,-0.7939999999999996
Jim Gillespie,5.78,4.986,-0.7940000000000005
Vicente Aranda,6.146,5.351999999999999,-0.7940000000000005
Takashi Ishii,6.322,5.524,-0.798
Jonathan Glazer,7.1,6.3,-0.7999999999999998
Iain Softley,6.376,5.5760000000000005,-0.7999999999999998
Henrik Ruben Genz,6.454,5.652,-0.8019999999999996
Woo-Ping Yuen,6.917999999999999,6.114,-0.8039999999999994
Colin Nutley,5.766,4.962,-0.8040000000000003
Robert Altman,7.336,6.53,-0.806
John Schlesinger,6.0760000000000005,5.27,-0.8060000000000009
Alain Resnais,7.042000000000001,6.234,-0.8080000000000007
David Hackl,5.667999999999999,4.8580000000000005,-0.8099999999999987
S. Shankar,7.722,6.906000000000001,-0.8159999999999998
Guillaume Canet,7.148,6.33,-0.8179999999999996
Stephen Kay,5.276,4.458,-0.8179999999999996
Arturo Ripstein,7.144,6.322,-0.8220000000000001
Ella Lemhagen,6.102,5.276,-0.8260000000000005
Sam Firstenberg,4.362,3.534,-0.8280000000000003
André Øvredal,6.8660000000000005,6.032,-0.8340000000000005
Julio Medem,7.164,6.328,-0.8359999999999994
Danny Boyle,7.636,6.8,-0.8360000000000003
David Koepp,6.276,5.438000000000001,-0.8379999999999992
Pierre Morel,7.268,6.43,-0.8380000000000001
Ridley Scott,7.4319999999999995,6.5920000000000005,-0.839999999999999
Phil Alden Robinson,6.848,6.008000000000001,-0.839999999999999
Shana Feste,6.436,5.596,-0.8399999999999999
Tony Kaye,8.5,7.66,-0.8399999999999999
David S. Goyer,5.82,4.98,-0.8399999999999999
Kevin Macdonald,7.836,6.994,-0.8420000000000005
Jason Reitman,7.486000000000001,6.644,-0.8420000000000005
Lars von Trier,7.644,6.8,-0.8440000000000003
Mike Leigh,7.58,6.734,-0.8460000000000001
Jingle Ma,5.874,5.024,-0.8499999999999996
Fernando León de Aranoa,7.282,6.432,-0.8499999999999996
Bernard Rose,6.2860000000000005,5.436,-0.8500000000000005
Armando Iannucci,7.36,6.508000000000001,-0.8519999999999994
Michael Lembeck,5.796,4.944,-0.8520000000000003
Rob Zombie,6.21,5.356,-0.8540000000000001
Michel Hazanavicius,6.902,6.047999999999999,-0.854000000000001
Ole Bornedal,6.66,5.803999999999999,-0.8560000000000008
Kar-Wai Wong,7.456,6.6,-0.8560000000000008
Donald Petrie,6.624,5.763999999999999,-0.8600000000000003
Oliver Parker,6.8,5.936,-0.8639999999999999
Gregory Nava,7.06,6.192,-0.8679999999999994
Robert Luketic,6.4639999999999995,5.592,-0.8719999999999999
Rohit Shetty,6.154,5.276,-0.8780000000000001
David Yates,7.38,6.5,-0.8799999999999999
Christian Carion,7.282,6.402,-0.8799999999999999
Philippe Falardeau,7.38,6.5,-0.8799999999999999
Brian A. Miller,4.71,3.826,-0.8839999999999999
Dany Boon,6.604,5.72,-0.8840000000000003
Steven Shainberg,6.702000000000001,5.816,-0.886000000000001
Naoyuki Tomomatsu,4.726,3.838,-0.8879999999999999
Jan Hrebejk,7.481999999999999,6.5920000000000005,-0.8899999999999988
Sofia Coppola,7.25,6.36,-0.8899999999999997
Sergei Bodrov,6.492000000000001,5.602,-0.8900000000000006
John Sayles,7.3260000000000005,6.434,-0.8920000000000003
Yimou Zhang,7.96,7.066,-0.8940000000000001
Richard Linklater,7.462,6.564,-0.8979999999999997
David Cronenberg,6.84,5.936,-0.9039999999999999
Jessie Nelson,7.14,6.231999999999999,-0.9080000000000004
Brian De Palma,5.84,4.9319999999999995,-0.9080000000000004
James Ivory,7.112,6.204,-0.9080000000000004
Tom Vaughan,6.4,5.49,-0.9100000000000001
Emir Kusturica,7.5360000000000005,6.62,-0.9160000000000004
Neil Jordan,6.976,6.06,-0.9160000000000004
Travis Knight,7.7,6.78,-0.9199999999999999
Richard Eyre,7.077999999999999,6.154,-0.9239999999999995
Jay Chandrasekhar,6.572,5.648,-0.9240000000000004
Lucky McKee,6.055999999999999,5.13,-0.9259999999999993
Michael Bay,6.8,5.8660000000000005,-0.9339999999999993
Manoel de Oliveira,7.132,6.1979999999999995,-0.9340000000000002
Abbas Kiarostami,8.04,7.104,-0.935999999999999
Jirí Vejdelek,6.614,5.678,-0.9359999999999999
Patrice Leconte,6.707999999999999,5.77,-0.9379999999999997
Richard LaGravenese,6.957999999999999,6.02,-0.9379999999999997
John Waters,6.656000000000001,5.7139999999999995,-0.9420000000000011
Joel Schumacher,6.34,5.396,-0.944
Daniel Alfredson,6.577999999999999,5.632000000000001,-0.9459999999999988
Allan A. Goldstein,4.77,3.82,-0.9499999999999997
Hark Tsui,6.934,5.984,-0.9500000000000002
Ritesh Batra,7.644,6.69,-0.9539999999999997
Tom McGrath,7.26,6.3,-0.96
David DeCoteau,3.674,2.7119999999999997,-0.9620000000000002
Gianni Amelio,7.3660000000000005,6.4,-0.9660000000000002
Florian Henckel von Donnersmarck,8.4,7.428000000000001,-0.9719999999999995
Dennis Iliadis,6.452000000000001,5.48,-0.9720000000000004
David M. Rosenthal,5.696000000000001,4.72,-0.9760000000000009
Geoff Murphy,5.994,5.013999999999999,-0.9800000000000004
Darren Aronofsky,7.58,6.6,-0.9800000000000004
Steve Pink,6.4,5.42,-0.9800000000000004
Simon Wincer,6.436,5.45,-0.9859999999999998
William Dear,5.992000000000001,5.002000000000001,-0.9900000000000002
Silvio Soldini,7.156000000000001,6.164,-0.9920000000000009
Jacques Rivette,7.45,6.457999999999999,-0.9920000000000009
Jared Hess,6.736000000000001,5.742000000000001,-0.9939999999999998
Tom Tykwer,7.3,6.303999999999999,-0.9960000000000004
Dwight H. Little,6.0360000000000005,5.038,-0.9980000000000002
Jordan Peele,7.8,6.8,-1.0
Aaron Norris,5.092,4.092,-1.0
Wim Wenders,7.0,6.0,-1.0
Wolfgang Petersen,6.7379999999999995,5.7379999999999995,-1.0
John Moore,6.382000000000001,5.38,-1.0020000000000007
Les Mayfield,6.104,5.092,-1.0120000000000005
Nicolas Winding Refn,7.041999999999999,6.028,-1.0139999999999993
Charles Band,4.906000000000001,3.892,-1.0140000000000007
Peter Howitt,6.532,5.516,-1.016
Jonathan Mostow,6.896,5.88,-1.016
P.J. Hogan,6.894,5.877999999999999,-1.016000000000001
Richard Schenkman,6.1579999999999995,5.1339999999999995,-1.024
Ben Affleck,7.59,6.556,-1.0339999999999998
Dennis Dugan,6.15,5.112,-1.0380000000000003
Claire Denis,6.872000000000001,5.831999999999999,-1.0400000000000018
Neil LaBute,6.604,5.562,-1.0419999999999998
Ben Stiller,6.42,5.376,-1.0439999999999996
Stephan Elliott,6.9079999999999995,5.864,-1.0439999999999996
Sally Potter,6.867999999999999,5.824,-1.0439999999999996
Frank Coraci,6.5,5.452000000000001,-1.0479999999999992
Chris Nahon,6.456,5.4079999999999995,-1.048000000000001
Ringo Lam,6.706,5.656000000000001,-1.0499999999999998
Neill Blomkamp,7.822,6.771999999999999,-1.0500000000000007
Tibor Takács,4.608,3.548,-1.0599999999999996
Kirk Jones,7.006,5.94,-1.0659999999999998
Stephen Chow,7.388,6.316,-1.072
Tony Giglio,5.292000000000001,4.215999999999999,-1.0760000000000014
John Carpenter,6.374,5.296,-1.0779999999999994
Michael Dowse,6.888,5.8,-1.088
James L. Brooks,6.688,5.6,-1.088
Steven Knight,6.614,5.518000000000001,-1.0959999999999992
Simon Wells,6.726,5.624,-1.1020000000000003
Anurag Kashyap,7.864,6.76,-1.104
Sam Taylor-Johnson,6.23,5.12,-1.1100000000000003
Adam Wingard,5.774,4.66,-1.1139999999999999
Nikolaj Arcel,6.716,5.6,-1.1160000000000005
Gary Ross,7.42,6.3,-1.12
Peter Hyams,6.411999999999999,5.291999999999999,-1.12
Jane Campion,7.456,6.33,-1.1260000000000003
A.R. Murugadoss,7.36,6.228000000000001,-1.1319999999999997
Ryan Little,6.1739999999999995,5.04,-1.1339999999999995
Rupert Wainwright,5.586,4.45,-1.1360000000000001
Harmony Korine,6.5920000000000005,5.444,-1.1480000000000006
Gil Junger,7.3,6.148,-1.1520000000000001
Douglas McGrath,6.81,5.654,-1.1559999999999997
Walter Salles,7.337999999999999,6.176,-1.161999999999999
James Ponsoldt,6.78,5.6160000000000005,-1.1639999999999997
Walt Becker,6.16,4.996,-1.1639999999999997
Matt Eskandari,4.732,3.568,-1.1640000000000001
Chuan Lu,7.371999999999999,6.204,-1.1679999999999993
Richard Benjamin,6.232,5.062,-1.17
Ryûhei Kitamura,6.24,5.052,-1.1880000000000006
Ventura Pons,6.336,5.146,-1.1900000000000004
Joe Ma,6.127999999999999,4.936,-1.1919999999999993
Gregory Hoblit,7.672000000000001,6.48,-1.1920000000000002
Dominic Sena,6.6160000000000005,5.42,-1.1960000000000006
Jae-young Kwak,7.61,6.414,-1.1960000000000006
Mike Figgis,6.414,5.2139999999999995,-1.2000000000000002
Alexander Payne,7.077999999999999,5.876,-1.201999999999999
Martha Coolidge,6.504,5.3,-1.2039999999999997
Jon Avnet,7.3,6.096,-1.2039999999999997
Anne Fontaine,6.5760000000000005,5.372000000000001,-1.2039999999999997
Priyadarshan,7.2219999999999995,6.018,-1.2039999999999997
Jeff Wadlow,6.122000000000001,4.918,-1.2040000000000006
Zack Snyder,7.311999999999999,6.1,-1.2119999999999997
Hal Hartley,7.236000000000001,6.024,-1.2120000000000006
Mike Judge,7.49,6.276,-1.2140000000000004
Andrew Niccol,7.412000000000001,6.196000000000001,-1.2160000000000002
Boaz Yakin,7.1579999999999995,5.94,-1.217999999999999
Richard Attenborough,7.436,6.218,-1.218
Marcus Nispel,6.104,4.8839999999999995,-1.2200000000000006
Gordon Chan,6.58,5.358,-1.2220000000000004
John Pasquin,6.376,5.148,-1.2280000000000006
Franck Khalfoun,5.948,4.72,-1.2280000000000006
Ashutosh Gowariker,7.79,6.56,-1.2300000000000004
John Luessenhop,6.2,4.968,-1.2320000000000002
Nicholas Stoller,7.02,5.784,-1.2359999999999998
Barry Sonnenfeld,6.8660000000000005,5.63,-1.2360000000000007
Yen-Ping Chu,5.752000000000001,4.508,-1.2440000000000007
Neri Parenti,5.045999999999999,3.7960000000000003,-1.2499999999999991
Mani Ratnam,8.036,6.7860000000000005,-1.2499999999999991
Lawrence Kasdan,6.606,5.356,-1.25
Dmitriy Dyachenko,6.79,5.524,-1.266
Yeon Sang-ho,6.834,5.556,-1.2779999999999996
M.J. Bassett,6.016,4.732,-1.2839999999999998
Jing Wong,6.451999999999999,5.166,-1.2859999999999987
Keenen Ivory Wayans,6.124,4.838,-1.2859999999999996
Rupert Wyatt,7.29,6.0,-1.29
Greg Mottola,7.396,6.1,-1.2960000000000003
Miguel Arteta,6.144,4.844,-1.2999999999999998
Rachid Bouchareb,6.752000000000001,5.45,-1.3020000000000005
Anh Hung Tran,7.254,5.9479999999999995,-1.306
Jacques Doillon,6.526,5.218,-1.3079999999999998
Dario Argento,5.55,4.24,-1.3099999999999996
Renny Harlin,6.862,5.552,-1.3100000000000005
J.A. Bayona,7.412000000000001,6.1,-1.3120000000000012
Tom Dey,6.291999999999999,4.976,-1.315999999999999
Gil Kenan,6.6,5.26,-1.3399999999999999
Tamra Davis,5.992000000000001,4.65,-1.3420000000000005
Chuck Russell,6.844000000000001,5.5,-1.3440000000000012
Marco Tullio Giordana,7.8,6.452000000000001,-1.347999999999999
George Clooney,7.072,5.724,-1.3479999999999999
Rodrigo Cortés,6.92,5.561999999999999,-1.3580000000000005
Oliver Hirschbiegel,7.718,6.356,-1.362
Abel Ferrara,6.946000000000001,5.5760000000000005,-1.37
David Ayer,6.8,5.43,-1.37
Rob Reiner,7.79,6.418000000000001,-1.371999999999999
John Woo,7.192,5.81,-1.3820000000000006
D.J. Caruso,6.584,5.2,-1.3839999999999995
Ernest R. Dickerson,6.612,5.228,-1.3840000000000003
Mark Dindal,7.16,5.768000000000001,-1.3919999999999995
Julie Taymor,7.36,5.968,-1.3920000000000003
Terry Gilliam,7.61,6.204,-1.4060000000000006
Barry Levinson,6.976,5.568,-1.4080000000000004
Takashi Shimizu,6.446000000000001,5.0360000000000005,-1.4100000000000001
Mario Van Peebles,6.104,4.69,-1.4139999999999997
Alejandro Amenábar,7.52,6.104,-1.4159999999999995
Danis Tanovic,7.4639999999999995,6.044,-1.42
Andrew Bergman,6.224,4.803999999999999,-1.4200000000000008
Betty Thomas,6.208000000000001,4.788,-1.4200000000000008
Vincenzo Natali,7.068,5.636,-1.4319999999999995
Andy Fickman,6.4,4.96,-1.4400000000000004
Joel Lamangan,6.728,5.2860000000000005,-1.4419999999999993
Penny Marshall,7.69,6.244,-1.4460000000000006
Garry Marshall,7.06,5.6,-1.46
Jim Sheridan,7.747999999999999,6.2860000000000005,-1.4619999999999989
Oren Moverman,6.528,5.062,-1.4659999999999993
Mahesh Bhatt,6.098,4.63,-1.468
Sheldon Lettich,6.02,4.545999999999999,-1.4740000000000002
Niki Caro,7.284,5.8,-1.484
Todd Solondz,7.538,6.05,-1.4880000000000004
Imtiaz Ali,7.52,6.028,-1.492
Eran Riklis,7.0920000000000005,5.593999999999999,-1.498000000000001
Kimberly Peirce,7.3020000000000005,5.8,-1.5020000000000007
Jamie Babbit,6.478,4.974,-1.5039999999999996
Randal Kleiser,6.0520000000000005,4.544,-1.508000000000001
Sheng Ding,6.5920000000000005,5.0760000000000005,-1.516
F. Gary Gray,7.122000000000001,5.6,-1.5220000000000011
James Marsh,7.266,5.74,-1.5259999999999998
John McTiernan,7.2,5.6739999999999995,-1.5260000000000007
Mary Harron,7.3,5.772,-1.5279999999999996
David Bowers,6.36,4.82,-1.54
Robert Rodriguez,6.92,5.376,-1.5439999999999996
Roberto Benigni,7.414,5.8660000000000005,-1.5479999999999992
David Dhawan,6.0,4.44,-1.5599999999999996
Corey Yuen,6.872000000000001,5.303999999999999,-1.5680000000000014
Benoît Jacquot,6.457999999999999,4.888,-1.5699999999999994
Robert Iscove,5.83,4.26,-1.5700000000000003
Mathieu Kassovitz,7.66,6.088000000000001,-1.5719999999999992
Taylor Hackford,7.66,6.087999999999999,-1.572000000000001
David R. Ellis,6.056,4.4799999999999995,-1.5760000000000005
Tod Williams,6.42,4.8420000000000005,-1.5779999999999994
David Mickey Evans,6.76,5.18,-1.58
Vikram Bhatt,5.612,4.026,-1.5860000000000003
Tim Burton,7.9,6.308,-1.5920000000000005
Scott Hicks,7.306,5.712000000000001,-1.5939999999999994
Jean-Marie Poiré,6.62,5.013999999999999,-1.6060000000000008
Jim Jarmusch,7.62,5.996,-1.6239999999999997
Wayne Wang,7.574,5.941999999999999,-1.6320000000000006
Rob Cohen,6.66,5.02,-1.6400000000000006
Steve Miner,6.696000000000001,5.038,-1.6580000000000004
Yann Samuell,7.11,5.45,-1.6600000000000001
Roger Kumble,6.8,5.136,-1.6639999999999997
Detlev Buck,6.572,4.898,-1.6740000000000004
Abdellatif Kechiche,7.12,5.442,-1.678
Peter Medak,6.7620000000000005,5.072,-1.6900000000000004
John Stockwell,6.106,4.384,-1.7219999999999995
Morgan Spurlock,6.99,5.268,-1.7220000000000004
Kaige Chen,7.667999999999999,5.94,-1.7279999999999989
Dan Gilroy,7.8,6.0520000000000005,-1.7479999999999993
Jan de Bont,7.22,5.47,-1.75
Billy Bob Thornton,7.648,5.892,-1.7559999999999993
Ron Shelton,6.664,4.9079999999999995,-1.7560000000000002
Rob Bowman,6.79,5.03,-1.7599999999999998
Stanley Tong,6.587999999999999,4.81,-1.7779999999999996
Ang Lee,7.48,5.7,-1.7800000000000002
Tim Miller,8.0,6.2,-1.7999999999999998
Roger Christian,5.406000000000001,3.5980000000000003,-1.8080000000000003
Terry George,7.74,5.9319999999999995,-1.8080000000000007
Chris Columbus,7.7,5.888,-1.8120000000000003
John Singleton,7.2219999999999995,5.406000000000001,-1.815999999999999
John Herzfeld,6.34,4.500000000000001,-1.839999999999999
Duncan Jones,7.757999999999999,5.9079999999999995,-1.8499999999999996
Sylvain White,5.832000000000001,3.972,-1.8600000000000008
Simon West,6.86,4.997999999999999,-1.862000000000001
Niels Arden Oplev,7.164,5.29,-1.8739999999999997
Prachya Pinkaew,7.0360000000000005,5.156000000000001,-1.88
Neil Marshall,6.936,5.05,-1.8860000000000001
Patty Jenkins,7.3,5.4,-1.8999999999999995
Kenneth Branagh,6.856,4.94,-1.9159999999999995
Darren Lynn Bousman,6.564,4.64,-1.9240000000000004
Larry Clark,6.92,4.938,-1.9820000000000002
Michael Mann,7.796,5.8,-1.9960000000000004
Robert Zemeckis,7.4,5.4,-2.0
Tate Taylor,7.524,5.52,-2.0040000000000004
Francis Ford Coppola,7.595999999999999,5.587999999999999,-2.008
Josh Boone,7.31,5.3,-2.01
José Padilha,7.957999999999999,5.944,-2.0139999999999993
Jeremiah S. Chechik,6.644,4.627999999999999,-2.016000000000001
Fruit Chan,7.154,5.1339999999999995,-2.0200000000000005
Josh Trank,6.622000000000001,4.532,-2.0900000000000007
Michael Polish,6.42,4.318,-2.1020000000000003
Alex Proyas,7.52,5.4,-2.119999999999999
Shane Black,7.452000000000001,5.3,-2.152000000000001
Seong-gang Lee,6.5,4.336,-2.1639999999999997
Bob Clark,5.006,2.8360000000000003,-2.17
Brian Yuzna,5.91,3.7119999999999997,-2.1980000000000004
Frank Darabont,9.3,7.1,-2.200000000000001
David Zucker,6.796,4.593999999999999,-2.202000000000001
Richard Kelly,7.742000000000001,5.528,-2.2140000000000013
Hideo Nakata,7.002000000000001,4.724,-2.2780000000000005
Victor Salva,6.45,4.106,-2.3440000000000003
Tomas Alfredson,7.303999999999999,4.888,-2.4159999999999995
Kevin Smith,7.49,5.044,-2.4460000000000006
Andrzej Bartkowiak,5.91,3.392,-2.5180000000000002
Harold Ramis,7.784,5.238,-2.5459999999999994
Jonathan Frakes,7.336,4.768,-2.5680000000000005
Jonathan Demme,8.6,6.03,-2.5699999999999994
Jeffrey Lau,6.968,4.36,-2.6079999999999997
James Foley,7.148,4.5,-2.6479999999999997
James McTeigue,8.2,5.54,-2.6599999999999993
Nikita Mikhalkov,7.404,4.72,-2.684
Ava DuVernay,7.3919999999999995,4.69,-2.701999999999999
Mark L. Lester,6.016,3.2560000000000002,-2.76
Kurt Wimmer,6.82,4.0,-2.8200000000000003
Ron Underwood,7.034,4.002,-3.032
Martin Brest,7.936,4.532,-3.404
James Wong,6.7,2.8960000000000004,-3.804
Ram Gopal Varma,7.152,3.3360000000000003,-3.816
Tom Hooper,7.34,3.23,-4.109999999999999
